Название,Цена
Диван Льери Мини Velvet Light,59990
Диван Нумо Velvet Yellow,35990
Диван Тут Рядом Дом Серо-графитовый,72990
Диван угловой Ройн Мини Velvet Olive,39990
Диван угловой Эби-1 Velvet Coral,69990
Диван Бруквиль Velvet Blue,46990
Диван Тут Рядом Космос Светло-Бежевый,109990
Диван Линс Velvet Navy Blue,29990
Диван Нумо Мини Textile Yellow,22990
Диван Байма Velvet Grey,69990
Кресло Тут Рядом Дом Сине-бежевый,50990
Диван угловой Беллер Textile Yellow,40990
Кресло Бенел Cozy Ivory,31990
Диван Нумо Velvet Grafit,35990
Пуф Тут Рядом Дом Серо-графитовый,15990
Диван Роттердам Velvet Yellow,23990
Диван Сваут Velvet Grey,64990
Пуф Дадли Velvet Ocean,3290
Диван Линс Velvet Grafit,29990
Диван Рейли Velvet Coral,30990
Пуф Тут Рядом Красавчик Светло-бежевый,34990
Диван Коренс Happy Grey,29990
Диван угловой Шера Velvet Light,99990
Диван Види Textile Ocean,22990
Пуф Тут Рядом Дом Зеленый,15990
Кресло Гета Soft Silver,29990
Диван угловой Нумо Velvet Yellow,44990
Диван Тут Рядом Дом Сине-бежевый,72990
Диван Сваут Velvet Mustard,64990
Кресло Элвит Cozy Ivory,26990
Модульный диван Сэндж 2 Textile Yellow,58970
Пуф Лонди Cozy Beige,13990
Кресло Тут Рядом Дом Розовый,50990
Диван Нумо Мини Textile Light,22990
Диван Рейли Velvet Mint,30990
Диван Риббл-2 Bucle Lilac,68990
Диван угловой Маркфул Velvet Ocean,79990
Кушетка Роби Textile Coral,16990
Диван угловой Нумо Velvet Grey,44990
Пуф Роттердам Мини Velvet Milk,9990
Пуф Тут Рядом Красавчик Оранжевый,27990
Кушетка Оренте Soft Sky,40990
Пуф Бане Cozy Ginger,8990
Банкетка Аймо Textile Light,7990
Диван Лонди Mima Pink,84990
Кресло Элвит Cozy Emerald,26990
Кресло Тут Рядом Космос-2 Графитовый,79990
Пуф Динс Velvet Yellow,6990
Кресло Тут Рядом Космос-2 Светло-Бежевый,79990
Пуф Тут Рядом Дом Синий,15990
Диван Байма Velvet Beige,69990
Кресло Тут Рядом Космос-1 Серый,56990
Пуф Динс Velvet Milk,6990
Диван угловой Аронт Мини Velvet Light,56990
Кресло Лонди Mima Pink,69990
Кресло Тут Рядом Космос-1 Желтый,56990
Диван угловой Шера Velvet Olive,99990
Диван Тут Рядом Дом Розовый,72990
Пуф Поул Bucle Pink,11990
Кресло Коренс Bucle White,26990
Кресло-кровать Лесли Velvet Mint,34990
Диван угловой Лаберт Barhat Smoke,99990
Кресло Тут Рядом Космос-2 Серый,79990
Кресло Гета Soft Light,29990
Пуф Кофи-2 Galaxy Birds,5990
Пуф Лонди Mima Pink,18990
Диван угловой Шера Velvet Terra,99990
Диван Самми Velvet Grey,27990
Диван угловой Аронт Мини Velvet Smoke,56990
Диван Массе Bucle White,66990
Кушетка Тут Рядом Космос Бежевый,89990
Пуф Роттердам Мини Velvet Red,9990
Диван Тут Рядом Космос Серый,109990
Диван Бонс-Т Velvet Mint,39990
Пуф Лесли Velvet Mint,7990
Диван Массе Velvet Light,59990
Пуф Каве Velvet Violet,9990
Модульный диван Риббл-3 Bucle Forest,153970
Кресло Бенел Cozy Beige,31990
Диван Коренс Bucle White,35990
Банкетка Кото Bucle Galaxy,19990
Кресло Носта Bucle Blue,24990
Модульный диван Этен 5 Vertical Silver,77960
Диван Роттердам-3 Velvet Silver,30990
Диван угловой Шера Velvet Blue,99990
Кушетка Кото Cozy Storm,40990
Диван Бонс-Т Velvet Navy Blue,39990
Пуф Кото Cozy Dove,7990
Кресло-кровать Лесли Velvet Red,34990
Диван Виена Bucle Green,84990
Кресло Кото Cozy Beige,27990
Кушетка Олтен Bucle Shadow,32990
Диван Арклоу Cozy Ivory,46990
Модульный диван Этен 5 Vertical Terra,77960
Модульный диван Brera-3 Velour Night,114970
Диван Тут Рядом Космос Графитовый,109990
Кушетка Олтен Bucle Shadow,32990
Модульный диван Нолан-B 1 Soft Grey,85980
Диван Арклоу Cozy Ivory,46990
Модульный диван Этен 5 Vertical Terra,77960
Модульный диван Brera-3 Velour Night,114970
Диван Тут Рядом Космос Графитовый,109990
Пуф Роттердам Мини Velvet Mint,9990
Диван Рон Textile Beige,52990
Диван Мейлон Velvet Eclipse,46990
Пуф Клаум Linia Light,4990
Модульное кресло Полан Velvet Moss,45970
Диван угловой Лаберт Barhat Blue,99990
Модульный диван Нолан-W 1 Soft Grey,85980
Диван Байвин Soft Latte,66990
Диван угловой Бонент Velvet Grey,89990
Кресло-кровать Лесли Velvet Navy Blue,34990
Кресло Кото Cozy Latte,27990
Диван Коренс-3 Bucle White,44990
Диван угловой Бруквиль Velvet Olive,56990
Диван Мейлон Velvet Olive,46990
Диван угловой Биани-2 Barhat Olive,99990
Модульный диван Этен 5 Vertical Mint,77960
Пуф Плиди Velvet Yellow,4990
Диван Байвин Soft Ginger,66990
Модульный диван Полан-2 Velvet Moss,93960
Модульный диван Нолан-B 2 Soft Milk,95470
Диван Марей Soft Olive,89990
Диван угловой Виена Bucle Green,86990
Кресло-кровать Динс Мини Velvet Silver,28990
Модульный диван Этен 4 Vertical Mix,203920
Диван Мейлон Velvet Stone,46990
Кресло-кровать Бонс-Т Velvet Mint,25990
Диван Лофт Linia Ginger,39990
Диван Байвин Soft Gold,66990
Диван угловой Лаберт Barhat Beige,99990
Модульный диван Этен 5 Vertical Jeans,77960
Модульный диван Brera-8 Velour Olive,128970
Модульный диван Нолан-B 2 Soft Grey,95470
Модульный диван Полан-1 Velvet Moss,73970
Диван угловой Бонент Velvet Light,89990
Кресло Ансил Bucle Blue,27990
Диван Мейлон Velvet Terra,46990
Кресло-кровать Эби Мини Linia Yellow,29990
Диван Байвин Soft Grey,66990
Диван Ольен Мини Velvet Emerald,52990
Кресло-кровать Ольен Мини Velvet Emerald,26990
Кресло Виль Barhat Olive,27990
Диван Бонс-Т Velvet Silver,39990
Пуф Кото Cozy Emerald,7990
Модульный диван Нолан-B 3 Soft Grey,118970
Модульный диван Этен 6 Vertical Light,82960
Модульный диван Полан-3 Velvet Moss,73960
Диван Мейлон Velvet Yellow,46990
Диван Байвин Soft Navy Blue,66990
Кушетка Кото Cozy Beige,40990
Диван Риард-3 Land Marsala,46990
Диван Коренс Bucle Green,35990
Пуф Лесли Velvet Violet,7990
Диван Лонди Bucle Galaxy,50990
Модульный диван Brera-2 Velour Mix,109980
Диван Динс Мини Velvet Silver,46990
Модульный диван Нолан-B 3 Soft Milk,118970
Пуф Роттердам Мини Velvet Sky,9990
Диван Байвин Soft Light,66990
Диван Мейлон Velvet Smoke,46990
Диван угловой Лилле Velvet Terra,56990
Модульный диван Полан-4 Velvet Moss,101960
Кресло-кровать Бонс-Т Velvet Silver,25990
Модульный диван Этен 6 Vertical Mint,82960
Кресло-кровать Ольен Мини Velvet Mint,26990
Диван Коренс-3 Bucle Green,44990
Кресло Элвит Cozy Latte,26990
Пуф Эби Мини Linia Yellow,5490
Модульный диван Нолан-W 5 Soft Grey,204440
Диван угловой Мейлон Velvet Yellow,49990
Диван угловой Бонент Velvet Eclipse,89990
Диван угловой Аронт Мини Velvet Pink,56990
Диван угловой Биани-1 Barhat Olive,79990
Модульный диван Полан-5 Velvet Moss,129950
Диван Рон Textile Grey,52990
Диван угловой Лаберт Barhat Latte,99990
Модульный диван Этен 6 Vertical Jeans,82960
Диван Коренс Bucle Blue,35990
Пуф Кофи-2 Cozy Ivory,6990
Модульный диван Нолан-W 3 Soft Grey,118970
Диван угловой Лаберт Barhat Forest,99990
Кресло-кровать Ольен Мини Velvet Silver,26990
Диван Ольен Мини Velvet Silver,52990
Кресло-кровать Лесли Velvet Yellow,34990
Диван Марей Soft Navy Blue,89990
Кушетка Манс Velvet Mint,30990
Пуф Клаум Linia Yellow,4990
Диван угловой Эби-2 Velvet Blue,99990
Диван Эби Velvet Smoke,64990
Модульный диван Нолан-W 3 Soft Milk,118970
Модульный диван Этен 6 Vertical Terra,82960
Модульный диван Этен 2 Vertical Jeance,149940
Диван угловой Бонент Velvet Smoke,89990
Кресло Кеймит Velvet Terra,26990
Кресло Виль Barhat Blue,27990
Модульный диван Brera-6 Velour Beige,181960
Кресло Динс Velvet Grafit,21990
Диван Марей Soft Gold,89990
Кушетка Кото Cozy Emerald,40990
Диван Бонс-Т Velvet Beige,39990
Кресло Боско Land Grey,29990
Диван угловой Спейс-1 Velvet Beige,69990
Диван угловой Дарол Velvet Grey,59990
Пуф Динс Velvet Violet,6990
Диван угловой Вайвел Barhat Ginger,89990
Диван Массе Velvet Yellow,59990
Диван Динс Velvet Milk,49990
Диван Коренс Happy Emerald,29990
Кресло Кеймит Velvet Yellow,26990
Модульный диван Полан-1 Velvet Terra,73970
Кресло Виль Barhat Ginger,27990
Диван угловой Спейс-1 Soft Light,69990
Диван Бонс-Т Velvet Emerald,39990
Диван угловой Бонент Velvet Plum,89990
Диван Боско-2 Land Grey,38990
Диван Риард-2 Land Stone,38990
Диван Риббл-2 Bucle White,68990
Диван угловой Дарол Velvet Latte,59990
Диван угловой Динс Velvet Emerald,54990
Кресло Тилар Cozy Milk,20990
Пуф Кото Cozy Latte,7990
Диван угловой Спейс-1 Velvet Grey,69990
Кресло Риард Land Light,30990
Диван Марей Soft Latte,89990
Диван Лофт Linia Yellow,39990
Диван Бонс-Т Velvet Yellow,39990
Кресло Кеймит Velvet Stone,26990
Диван Риббл-7 Bucle White,51990
Диван угловой Шера Velvet Stone,99990
Диван Боско-3 Land Grey,49990
Модульный диван Этен 1 Vertical Milk,115950
Диван угловой Спейс-1 Velvet Terra,69990
Диван угловой Бруквиль Velvet Terra,56990
Диван угловой Дарол Velvet Beige,59990
Кресло Кото Cozy Dove,27990
Диван угловой Вайвел Barhat Forest,89990
Кресло Боско Land Yellow,29990
Кресло-кровать Бонс-Т Velvet Navy Blue,25990
Кресло Рибс Velvet Blue,29990
Модульный диван Этен 3 Vertical Mix,140940
Кресло Элвит Cozy Storm,26990
Диван угловой Спейс-1 Soft Navy Blue,69990
Кушетка Кото Cozy Ginger,40990
Пуф Лесли Velvet Red,7990
Кресло Кеймит Velvet Olive,26990
Диван угловой Виена Velvet Eclipse,66990
Диван Нумо Velvet Green,35990
Пуф Ринт Cozy Milk,9990
Диван Рон Textile Ocean,52990
Пуф Пайпел Bucle Blue,15990
Пуф Корк Velvet Mint,8990
Диван угловой Спейс-1 Soft Grey,69990
Кресло Роттердам Cozy Milk,17990
Модульный диван Риббл-1 Bucle White,76980
Модульный диван Brera-5 Velour Galaxy,120980
Диван Марей Soft Ginger,89990
Диван Brera Velour Cinnamon,98990
Диван Лесли Velvet Mint,46990
Диван Риард-3 Land Stone,46990
Диван Боско-2 Land Yellow,38990
Кресло Кеймит Velvet Blue,26990
Диван угловой Спейс-1 Velvet Olive,69990
Диван Динс Мини Velvet Emerald,46990
Кресло Риард Land Forest,30990
Пуф Пайпел Bucle Forest,15990
Кресло поворотное Мэник Cozy Milk,32990
Кресло Иденси Cozy Milk,27990
Модульный диван Этен Vertical Jeans,81960
Диван угловой Вайвел Barhat Blue,89990
Диван Лофт Linia Olive,39990
Пуф Лесли Velvet Sand,7990
Диван Кареро Bucle Cloud,79990
Диван Рон Textile Plum,52990
Диван Сите-3 Velvet Smoke,34990
Пуф Пайпел Bucle Beige,15990
Диван угловой Эдвин Velvet Smoke,72990
Диван угловой Динс Velvet Navy Blue,54990
Банкетка Аймо Cozy Milk,8990
Кресло Кеймит Velvet Beige,26990
Пуф Акера-2 Cozy Ivory,10990
Диван Кареро Bucle Smoky,79990
Пуф Лесли Velvet Yellow,7990
Диван Слипсон Velvet Emerald,59990
Кресло Рибс Velvet Beige,29990
Пуф Пайпел Bucle Grafit,15990
Диван угловой Шера Velvet Grey,99990
Диван угловой Бруквиль Velvet Beige,56990
Пуф Лесли Velvet Red,7990
Кресло Кеймит Velvet Olive,26990
Диван угловой Виена Velvet Eclipse,66990
Диван Нумо Velvet Green,35990
Пуф Ринт Cozy Milk,9990
Диван Рон Textile Ocean,52990
Пуф Пайпел Bucle Blue,15990
Пуф Корк Velvet Mint,8990
Диван угловой Мейлон Velvet Eclipse,49990
Диван угловой Спейс-1 Soft Grey,69990
Кресло Роттердам Cozy Milk,17990
Модульный диван Риббл-1 Bucle White,76980
Модульный диван Brera-5 Velour Galaxy,120980
Диван Марей Soft Ginger,89990
Диван Brera Velour Cinnamon,98990
Диван Лесли Velvet Mint,46990
Диван Риард-3 Land Stone,46990
Диван Боско-2 Land Yellow,38990
Диван угловой Мейлон Velvet Stone,49990
Кресло Кеймит Velvet Blue,26990
Диван угловой Спейс-1 Velvet Olive,69990
Диван Динс Мини Velvet Emerald,46990
Кресло Риард Land Forest,30990
Пуф Пайпел Bucle Forest,15990
Кресло поворотное Мэник Cozy Milk,32990
Кресло Иденси Cozy Milk,27990
Модульный диван Этен Vertical Jeans,81960
Диван угловой Вайвел Barhat Blue,89990
Диван угловой Мейлон Velvet Olive,49990
Диван Лофт Linia Olive,39990
Пуф Лесли Velvet Sand,7990
Диван Кареро Bucle Cloud,79990
Диван Рон Textile Plum,52990
Диван Сите-3 Velvet Smoke,34990
Пуф Пайпел Bucle Beige,15990
Диван угловой Эдвин Velvet Smoke,72990
Диван угловой Динс Velvet Navy Blue,54990
Банкетка Аймо Cozy Milk,8990
Кресло Кеймит Velvet Beige,26990
Пуф Акера-2 Cozy Ivory,10990
Диван Кареро Bucle Smoky,79990
Пуф Лесли Velvet Yellow,7990
Диван Слипсон Velvet Emerald,59990
Кресло Рибс Velvet Beige,29990
Пуф Пайпел Bucle Grafit,15990
Диван угловой Шера Velvet Grey,99990
Диван угловой Бруквиль Velvet Beige,56990
Пуф Дадли Velvet Emerald,3490
Диван Арклоу Soft Silver,49990
Диван угловой Дарол Velvet Silver,59990
Кресло Виль Barhat Smoke,27990
Кушетка Олтен Textile Plum,34990
Кресло Кеймит Velvet Grey,26990
Пуф Лесли Velvet Navy Blue,7990
Диван угловой Вайвел Barhat Beige,89990
Пуф Пайпел Bucle White,15990
Диван угловой Спейс-2 Velvet Beige,99990
Диван Сите-3 Velvet Eclipse,34990
Диван Слипсон Мини Linia Grafit,54990
Модульный диван Этен 1 Vertical Pink,115950
Кресло Риард Land Marsala,30990
Кресло Виль Barhat Beige,27990
Диван Боско-2 Land Milk,38990
Диван угловой Бруквиль Velvet Smoke,56990
Диван угловой Дарол Velvet Terra,59990
Кресло Риард Land Stone,30990
Диван угловой Спейс-2 Soft Grey,99990
Кресло-кровать Лесли Velvet Sand,34990
Диван Кускен Velvet Grafit,44990
Пуф Пайпел Bucle Yellow,15990
Диван Дара Velvet Milk,39990
Диван Риббл-1 Bucle Silver,68990
Кресло Кото Cozy Emerald,27990
Кресло Виль Barhat Night,27990
Кресло-кровать Слипсон Мини Linia Grafit,29990
Модульный диван Brera-4 Velour Plum,167970
Диван угловой Эдвин Velvet Blue,72990
Диван угловой Спейс-2 Soft Navy Blue,99990
Диван Рон Textile Yellow,52990
Диван Тилар Textile Grafit,28990
Кресло-кровать Ольен Мини Velvet Sand,26990
Диван Пайпел Bucle Beige,49990
Диван Сите-3 Velvet Blue,34990
Диван Бонс-Т Velvet Terra,39990
Диван угловой Бруквиль Velvet Blue,56990
Диван Риббл-2 Bucle Silver,68990
Диван угловой Спейс-2 Velvet Terra,99990
Диван Боско-3 Land Yellow,49990
Диван Дара Velvet Silver,39990
Кресло Рибс Velvet Grey,29990
Кресло Лонди Bucle Galaxy,44990
Модульный диван Этен 3 Vertical Jeans,140940
Диван Пайпел-3 Bucle Beige,54990
Диван Нумо Мини Velvet Ginger,22990
Диван Роттердам Velvet Violet,23990
Диван Лесли Velvet Violet,46990
Диван угловой Спейс-2 Velvet Grey,99990
Диван Сорен Textile Yellow,59990
Кресло Риард Land Sky,30990
Кресло Ансил Bucle Marble,25990
Диван угловой Бруквиль Velvet Grey,56990
Диван Риббл-6 Bucle Silver,51990
Кресло Оденс Linia Yellow,18990
Кресло Кинси Land Navy Blue,39990
Кресло Пайпел Bucle Beige,22990
Кресло Оденс Linia Navy Blue,18990
Диван угловой Спейс-2 Velvet Olive,99990
Диван Дара Velvet Terra,39990
Диван Лесли Velvet Navy Blue,46990
Диван Боско-3 Land Milk,49990
Кушетка Кото Cozy Ivory,40990
Диван угловой Вайвел Barhat Caramel,89990
Диван угловой Майнап Velvet Latte,46990
Диван Бруквиль Velvet Smoke,46990
Диван Риббл-7 Bucle Silver,51990
Диван Лилле Velvet Emerald,46990
Кресло-кровать Эби Мини Linia Beige,34990
Кресло Пайпел-2 Bucle Beige,34990
Пуф Кофи-2 Bucle Galaxy,6990
Модульный диван Этен 4 Vertical Milk,203920
Диван Льери Barhat Mint,79990
Диван Лесли Velvet Yellow,46990
Пуф Ситено Barhat Light,6990
Диван Дара Velvet Latte,39990
Диван угловой Эдвин Velvet Stone,72990
Диван угловой Лаберт Barhat Grafit,99990
Диван угловой Спейс-2 Soft Light,99990
Диван угловой Льери Barhat Emerald,94990
Кресло Сите Velvet Coral,20990
Диван Пайпел Bucle White,49990
Диван Боско-2 Land Blue,38990
Диван Риббл-10 Bucle Silver,83990
Диван угловой Вайвел Barhat Night,89990
Пуф Кото Cozy Ginger,7990
Диван Лесли Velvet Red,46990
Модульный диван Brera-3 Velour Cinnamon,114970
Диван угловой Сайле Barhat Silver,149990
Диван Кинси-2 Land Navy Blue,48990
Кресло поворотное Теоп Bucle Forest,34990
Кресло Кото Cozy Ginger,27990
Диван Пайпел Bucle Grafit,49990
Диван Дара Velvet Yellow,39990
Диван Байма Velvet Olive,69990
Кресло Элвит Cozy Dove,26990
Кресло Сторм Land Milk,34990
Диван Риббл-11 Bucle Silver,83990
Модульное кресло Полан Velvet Caramel,45970
Диван угловой Льери Мини Velvet Yellow,69990
Кресло-кровать Ольен Мини Cozy Ivory,38990
Модульный диван Этен 3 Vertical Mix,140940
Диван Пайпел Bucle Yellow,49990
Кушетка Кото Cozy Latte,40990
Кресло-кровать Динс Мини Velvet Red,28990
Кушетка Тут Рядом Космос Синий,89990
Диван Дара Velvet Lime,39990
Диван угловой Аронт Мини Velvet Terra,56990
Диван Боско-3 Land Blue,49990
Модульный диван Полан-2 Velvet Caramel,93960
Пуф Риббл-17 Bucle Silver,13990
Банкетка Ринт Cozy Milk,13990
Диван Пайпел Bucle Blue,49990
Кресло Сторм Land Yellow,34990
Кресло Рибс Velvet Plum,29990
Кушетка Тут Рядом Космос Серый,89990
Диван Кинси-3 Land Navy Blue,56990
Диван Сите-2 Velvet Smoke,26990
Диван Массе Velvet Pink,59990
Диван Дара Velvet Emerald,39990
Модульный диван Полан-1 Velvet Caramel,73970
Диван угловой Эдвин Velvet Moss,72990
Диван Пайпел Bucle Forest,49990
Диван Динс Мини Velvet Red,46990
Кушетка Ринт Cozy Milk,19990
Пуф Риббл-18 Bucle Silver,18990
Модульный диван Этен 2 Vertical Milk,149940
Кресло-кровать Динс Мини Velvet Emerald,28990
Диван угловой Нумо Velvet Green,44990
Кресло Лонди Cozy Ivory,40990
Диван Виенсо Bucle Smoky,79990
Модульный диван Полан-3 Velvet Caramel,73960
Диван Пайпел-3 Bucle White,54990
Модульный диван Brera-2 Velour Lilac,109980
Диван Боско-3 Land Terra,49990
Кресло Сите Velvet Blue,20990
Пуф Лонди Bucle Galaxy,15990
Пуф Риббл-19 Bucle Silver,24990
Пуф Корк Velvet Blue,8990
Кресло-кровать Динс Мини Velvet Yellow,28990
Кресло Аркет Velvet Yellow,25990
Кресло Кото Cozy Ivory,27990
Диван Пайпел-3 Bucle Grafit,54990
Модульный диван Полан-4 Velvet Caramel,101960
Диван Эби Velvet Blue,64990
Диван Кинси-3 Land Light,56990
Кресло Одрил Velvet Stone,28990
Диван Бонент Velvet Smoke,72990
Диван Шилдс Bucle Silver,79990
Кресло Пайпел Bucle Yellow,22990
Диван угловой Льери Мини Velvet Coral,69990
Кушетка Ринт Bucle Blue,19990
Кресло-кровать Динс Мини Velvet Latte,28990
Диван Хевит Velvet Eclipse,36990
Диван Лави Velvet Pink,38990
Кушетка Мона Velvet Blue,29990
Кресло поворотное Теоп Bucle Blue,34990
Модульный диван Brera-2 Velour Cherry,109980
Кресло Кото Cozy Storm,27990
Кресло Пайпел Bucle Blue,22990
Диван Сторм Land Grey,54990
Пуф Ньюбери Velvet Green,5490
Кушетка Ринт Bucle Yellow,19990
Кресло Кинси Land Grafit,39990
Пуф Ньюбери Velvet Grafit,5490
Модульный диван Этен Vertical Milk,81960
Диван Аркет-3 Velvet Smoke,40990
Пуф Клаум Linia Lavender,4990
Модульный диван Полан-1 Velvet Ocean,73970
Кресло Пайпел Bucle Forest,22990
Пуф Плиди Velvet Blue,4990
Кресло Ньюбери Velvet Emerald,15990
Диван Маре Мини Velvet Emerald,26990
Диван угловой Шера Velvet Smoke,99990
Кушетка Оренте Cozy Milk,40990
Кушетка Олтен Textile Yellow,34990
Пуф Бане Cozy Ivory,8990
Кресло Пайпел-2 Bucle White,34990
Кресло Brera Velour Cherry,65990
Диван Сторм Land Latte,54990
Пуф Лидо Velvet Eclipse,4290
Кушетка Манс Velvet Grey,30990
Пуф Кропс Bucle Lilac,7990
Кресло Кинси Land Marsala,39990
Кресло Рибс Velvet Moss,29990
Диван Рейли Velvet Yellow,30990
Кресло Пайпел-2 Bucle Grafit,34990
Кресло Динс Velvet Emerald,19990
Модульный диван Полан-2 Cozy Ivory,101960
Диван угловой Дисент-2 Velvet Stone,109990
Диван угловой Харинг Soft Milk,89990
Пуф Акера-2 Velvet Grey,9990
Диван Эби Velvet Blue,64990
Диван Кинси-3 Land Light,56990
Кресло Одрил Velvet Stone,28990
Диван Бонент Velvet Smoke,72990
Диван Шилдс Bucle Silver,79990
Кресло Пайпел Bucle Yellow,22990
Диван угловой Льери Мини Velvet Coral,69990
Кушетка Ринт Bucle Blue,19990
Кресло-кровать Динс Мини Velvet Latte,28990
Диван Хевит Velvet Eclipse,36990
Диван Лави Velvet Pink,38990
Кушетка Мона Velvet Blue,29990
Кресло поворотное Теоп Bucle Blue,34990
Модульный диван Brera-2 Velour Cherry,109980
Кресло Кото Cozy Storm,27990
Кресло Пайпел Bucle Blue,22990
Диван Сторм Land Grey,54990
Пуф Ньюбери Velvet Green,5490
Кушетка Ринт Bucle Yellow,19990
Кресло Кинси Land Grafit,39990
Пуф Ньюбери Velvet Grafit,5490
Модульный диван Этен Vertical Milk,81960
Диван Аркет-3 Velvet Smoke,40990
Пуф Клаум Linia Lavender,4990
Модульный диван Полан-1 Velvet Ocean,73970
Кресло Пайпел Bucle Forest,22990
Пуф Плиди Velvet Blue,4990
Кресло Ньюбери Velvet Emerald,15990
Диван Маре Мини Velvet Emerald,26990
Диван угловой Шера Velvet Smoke,99990
Кушетка Оренте Cozy Milk,40990
Кушетка Олтен Textile Yellow,34990
Пуф Бане Cozy Ivory,8990
Кресло Пайпел-2 Bucle White,34990
Кресло Brera Velour Cherry,65990
Диван Сторм Land Latte,54990
Пуф Лидо Velvet Eclipse,4290
Кушетка Манс Velvet Grey,30990
Пуф Кропс Bucle Lilac,7990
Кресло Кинси Land Marsala,39990
Кресло Рибс Velvet Moss,29990
Диван Рейли Velvet Yellow,30990
Кресло Пайпел-2 Bucle Grafit,34990
Кресло Динс Velvet Emerald,19990
Модульный диван Полан-2 Cozy Ivory,101960
Диван угловой Дисент-2 Velvet Stone,109990
Диван угловой Харинг Soft Milk,89990
Пуф Акера-2 Velvet Grey,9990
Диван Дисент Velvet Stone,79990
Пуф Кропс Bucle Silver,7990
Диван Биани Barhat Smoke,69990
Диван Льери Мини Velvet Atlantic,59990
Кушетка Манс Velvet Yellow,30990
Модульный диван Полан-2 Velvet Ocean,93960
Диван Эби Soft Grafit,89990
Кушетка Манс Velvet Olive,30990
Кресло Сторм Land Terra,34990
Диван Ниса Land Light,44990
Диван угловой Биани-1 Barhat Smoke,79990
Диван Виена Velvet Blue,62990
Диван угловой Льери Мини Velvet Emerald,69990
Кресло Пайпел-2 Bucle Yellow,34990
Диван угловой Эдвин Velvet Terra,72990
Диван Роттердам Cozy Milk,25990
Диван Рейли Velvet Emerald,30990
Кресло Brera Velour Mix,65990
Модульный диван Полан-4 Velvet Ocean,101960
Диван угловой Лаберт Barhat Olive,99990
Диван угловой Аронт Мини Velvet Olive,56990
Пуф Кропс Bucle Marble,7990
Диван угловой Ройн Мини Velvet Terra,39990
Кресло Пайпел-2 Bucle Blue,34990
Модульный диван Риббл-4 Bucle White,153970
Диван Brera Velour Stone,98990
Банкетка Эдин Velvet Ocean,9990
Диван Ниса Land Stone,44990
Диван Роттердам-3 Velvet Olive,30990
Диван Нумо Мини Textile Silver,22990
Диван угловой Амрано Velvet Terra,40990
Диван Сите-2 Velvet Blue,26990
Диван Ниса Land Marsala,44990
Кушетка Мона Velvet Beige,29990
Пуф Кропс Bucle Pink,7990
Кресло Пайпел-2 Bucle Forest,34990
Кушетка Тут Рядом Космос Графитовый,89990
Пуф Клаум Linia Ginger,4990
Пуф Каве Velvet Navy Blue,9990
Диван Мона Velvet Blue,26990
Диван Сваут Velvet Beige,64990
Диван Арклоу Soft Beige,49990
Кушетка Олтен Textile Blue,34990
Пуф Кропс Bucle Shadow,7990
Диван Сите-3 Velvet Coral,34990
Пуф Роттердам Мини Velvet Yellow,9990
Кресло Рибс Velvet Terra,29990
Диван угловой Льери Мини Velvet Light,69990
Диван угловой Эби-2 Velvet Light,99990
Кресло Эрвин White,20990
Модульный диван Brera-3 Velour Lilac,114970
Пуф Ситено Barhat Mint,6990
Диван Ниса Land Navy Blue,44990
Кушетка Мона Velvet Yellow,29990
Диван Клаймар Velvet Beige,56990
Пуф Кропс Bucle Smoky,7990
Кресло Витио Velvet Milk,19990
Кресло Сите Velvet Smoke,20990
Диван угловой Льери Мини Velvet Terra,69990
Модульный диван Полан-3 Velvet Ocean,73960
Диван Тут Рядом Космос Бежевый,109990
Кресло Волси Happy Grey,19990
Пуф Клаум Linia Nut,4990
Пуф Риббл-17 Bucle White,13990
Диван Клаймар Velvet Moss,56990
Пуф Плиди Velvet Smoke,4990
Диван Хевит Velvet Yellow,36990
Кушетка Манс Velvet Coral,30990
Кресло Сите Velvet Eclipse,20990
Кресло Одрил Velvet Terra,28990
Диван Ниса Land Silver,44990
Кресло Сите Barhat Beige,20990
Модульный диван Полан-5 Velvet Ocean,129950
Диван Клаймар Velvet Smoke,56990
Кушетка Ринт Bucle Beige,19990
Диван угловой Аронт Мини Velvet Grey,56990
Диван Мона Velvet Beige,26990
Модульный диван Brera-5 Velour Stone,120980
Диван Эби Velvet Coral,64990
Диван угловой Харинг Soft Terra,89990
Кушетка Ринт Bucle Pink,19990
Диван Клаймар Velvet Stone,56990
Диван угловой Льери Barhat Mint,94990
Кушетка Берил Velvet Coral,35990
Диван Эби Velvet Light,64990
Диван Ниса Land Forest,44990
Диван Байма Velvet Plum,69990
Кресло Мона Velvet Coral,17990
Диван Сите-2 Velvet Coral,26990
Диван угловой Биани-1 Barhat Latte,79990
Диван Клаймар Velvet Terra,56990
Диван угловой Плэнтис Soft Grafit,119990
Пуф Куб Velvet Ocean,3490
Диван Виенсо Bucle Sand,79990
Кушетка Олтен Textile Forest,34990
Диван Бруквиль Velvet Grey,46990
Диван Динс Мини Velvet Lime,46990
Кресло Гета Soft Ginger,29990
Кресло Тилар Velvet Pink,20990
Кресло Ниса Land Stone,34990
Диван Клаймар Velvet Blue,56990
Диван Ольен Мини Velvet Mint,52990
Кресло поворотное Теоп Bucle Pink,34990
Диван Рон Textile Grafit,52990
Диван угловой Харинг Soft Toffe,89990
Диван Риард-2 Land Light,38990
Диван Арклоу Soft Blue,49990
Модульный диван Brera-3 Velour Mix,114970
Диван Brera Velour Cherry,98990
Диван Тилар Velvet Pink,28990
Диван Клаймар Velvet Grey,56990
Диван Ольен Мини Velvet Latte,52990
Диван Слипсон Мини Linia Ginger,54990
Диван Хевит Velvet Terra,36990
Диван угловой Плэнтис Soft Ginger,119990
Кресло Мона Velvet Blue,17990
Кресло Ансил Bucle Storm,25990
Кресло Динс Velvet Silver,19990
Пуф Динс Velvet Silver,6990
Диван угловой Эби-1 Happy Yellow,69990
Диван Ольен Мини Velvet Honey,52990
Диван Риард-2 Land Forest,38990
Диван угловой Эби-2 Soft Grafit,139990
Кресло поворотное Теоп Bucle Beige,34990
Кресло Тут Рядом Космос-1 Графитовый,56990
Диван Слипсон Velvet Olive,59990
Диван Роттердам-3 Velvet Blue,30990
Диван Льери Мини Velvet Emerald,59990
Диван Рейли Velvet Silver,30990
Диван угловой Дисент-2 Velvet Corall,109990
Диван угловой Беллер Textile Light,40990
Модульный диван Brera-8 Velour Stone,128970
Банкетка Вайли Happy Mint,8990
Диван угловой Эби-2 Happy Yellow,92990
Банкетка Аймо Textile Grafit,7990
Модульный диван Этен 1 Vertical Jeans,115950
Кресло Мона Velvet Grey,17990
Кресло Одрил Velvet Olive,28990
Диван угловой Аронт Мини Velvet Yellow,56990
Диван Дисент Velvet Corall,79990
Диван Риард-2 Land Marsala,38990
Диван угловой Слипсон Velvet Olive,64990
Кресло Brera Velour Beige,65990
Диван угловой Харинг Soft Jungle,89990
Диван Шери Happy Grafit,24990
Диван Роттердам-3 Velvet Violet,30990
Пуф Милин Barhat Mint,6990
Диван угловой Динс Velvet Silver,54990
Пуф Каве Velvet Olive,9990
Кресло-кровать Слипсон Мини Linia Ginger,29990
Диван Динс Velvet Silver,49990
Диван Кейсес Velvet Navy Blue,24990
Пуф Акера-2 Velvet Emerald,9990
Диван Аркет-3 Velvet Blue,40990
Кресло-кровать Види Textile Navy Blue,19990
Диван Роттердам-3 Velvet Beige,30990
Кресло Волси Happy Light,19990
Диван Риард-2 Land Sky,38990
Кресло Мона Velvet Beige,17990
Диван угловой Слипсон Velvet Milk,64990
Диван угловой Биани-1 Barhat Beige,79990
Кресло Роттердам Velvet Olive,16990
Диван угловой Харинг Soft Night,89990
Диван Нумо Velvet Grey,35990
Кушетка Олтен Textile Shark,34990
Кресло Гета Soft Grafit,29990
Пуф Лидо Velvet Smoke,4290
Диван угловой Эби-1 Velvet Olive,69990
Модульный диван Полан-5 Velvet Light,129950
Кресло Одрил Velvet Yellow,28990
Диван угловой Динс Velvet Milk,54990
Диван Линс Velvet Latte,29990
Пуф Каве Velvet Yellow,9990
Кресло Мона Velvet Yellow,17990
Диван угловой Эби-2 Velvet Olive,99990
Диван Риард-2 Land Black,38990
Диван Ольен Velvet Latte,64990
Пуф Кото Cozy Beige,7990
Кресло Витио Velvet Yellow,19990
Диван Сваут Velvet Moss,64990
Кушетка Тут Рядом Космос Желтый,89990
Диван Винси Soft Grey,20990
Диван Динс Velvet Navy Blue,49990
Диван Сваут Velvet Terra,64990
Кресло Витио Velvet Silver,19990
Пуф Ньюбери Velvet Pink,5490
Диван Риард-3 Land Light,46990
Кресло Динс Velvet Yellow,19990
Диван Арклоу Soft Olive,49990
Пуф Милин Bucle Galaxy,7990
Пуф Дадли Velvet Coral,3290
Кресло Динс Velvet Navy Blue,19990
Диван Эби Happy Yellow,59990
Диван угловой Харинг Soft Grey,89990
Диван угловой Эдвин Velvet Grey,72990
Пуф Риббл-20 Bucle White,30990
Диван угловой Амрано Velvet Emerald,40990
Диван Бруквиль Velvet Terra,46990
Кресло Витио Velvet Mint,19990
Пуф Динс Velvet Navy Blue,6990
Кресло Тут Рядом Космос-1 Светло-Бежевый,56990
Диван Риард-3 Land Forest,46990
Банкетка Ситено Barhat Ginger,10990
Пуф Акера-2 Velvet Coral,9990
Диван угловой Стаус Velvet Caramel,34990
Пуф Акера-2 Velvet Blue,9990
Диван Сорен Textile Navy Blue,59990
Диван Динс Velvet Yellow,49990
Пуф Тут Рядом Дом Сине-бежевый,15990
Диван Слипсон Velvet Plum,59990
Пуф Милин Barhat Ginger,6990
Диван Лачи Velvet Grafit,29990
Диван Биани Barhat Latte,69990
Диван Арклоу Cozy Storm,46990
Кресло Боско Land Blue,29990
Диван угловой Амрано Velvet Caramel,40990
Диван Винси Textile Gold,23990
Диван угловой Ройн Мини Velvet Smoke,39990
Диван угловой Сайле Barhat Ginger,149990
Модульный диван Полан-1 Velvet Smoke,73970
Кресло Ньюбери Velvet Latte,15990
Кресло Эрвин Black,20990
Диван Биани Barhat Blue,69990
Модульное кресло Полан Velvet Ocean,45970
Банкетка Эдин Velvet Grey,9990
Кресло Тут Рядом Космос-1 Синий,56990
Кресло Риард Land Black,30990
Диван угловой Льери Barhat Ginger,94990
Пуф Акера-2 Velvet Beige,9990
Модульный диван Полан-4 Velvet Light,101960
Кресло-кровать Кускен Velvet Red,39990
Диван Лейсон Velvet Smoke,49990
Кресло Эрвин Brown,20990
Диван угловой Маркфул Velvet Light,79990
Диван угловой Эби-1 Velvet Light,69990
Диван Динс Velvet Honey,49990
Диван Лави Velvet Beige,38990
Диван Милкен Velvet Yellow,44990
Диван Види Textile Yellow,22990
Модульный диван Риббл-2 Bucle White,128980
Диван Винси Soft Olive,20990
Диван Сорен Textile Plum,59990
Модульный диван Полан-1 Cozy Ivory,80970
Кресло Динс Velvet Honey,19990
Диван угловой Ройн Мини Velvet Pink,39990
Кресло Эрвин Grey,20990
Кресло Боско Land Terra,29990
Кресло Мона Velvet Olive,17990
Диван Нумо Мини Textile Grafit,22990
Модульный диван Риббл-3 Bucle White,153970
Кресло Ансил Barhat Beige,21990
Кресло Тут Рядом Космос-1 Бежевый,56990
Банкетка Эдин Velvet Coral,9990
Кресло Ансил Barhat Olive,21990
Модульный диван Сэндж 3 Textile Grey,78960
Модульный диван Полан-4 Velvet Terra,101960
Пуф Риббл-18 Bucle White,18990
Диван Сорен Textile Light,59990
Диван Боско-2 Land Terra,38990
Диван Рейли Velvet Light,30990
Диван угловой Мисл-1 Barhat Marsala,109990
Диван Эрвин-2 Black,27990
Пуф Плиди Happy Light,4990
Пуф Динс Velvet Emerald,6990
Диван Лави Velvet Yellow,38990
Диван Риббл-6 Bucle White,51990
Диван Лейсон Velvet Stone,49990
Кушетка Тут Рядом Космос Светло-Бежевый,89990
Диван Соланс Velvet Yellow,28990
Диван Динс Velvet Emerald,49990
Пуф Орон Barhat Gold,5490
Диван Соланс Velvet Honey,28990
Банкетка Вайли Happy Light,8990
Кресло Гермис Velvet Yellow,27990
Кресло Арклоу Soft Olive,34990
Диван Эрвин-2 Brown,27990
Диван Лейсон Velvet Mint,49990
Диван Лави Velvet Moss,38990
Диван угловой Ройн Мини Velvet Beige,39990
Пуф Орон Barhat Ginger,5490
Кресло Ларни Velvet Green,19990
Диван угловой Биани-2 Barhat Night,99990
Модульный диван Полан-2 Velvet Terra,93960
Кресло Гермис Velvet Stone,27990
Диван Виена Velvet Smoke,62990
Диван Сорен Textile Ocean,59990
Диван Эрвин-2 Grey,27990
Модульный диван Полан-5 Velvet Smoke,129950
Диван Милкен Velvet Sand,44990
Кушетка Мона Velvet Olive,29990
Диван угловой Эби-2 Happy Grey,99990
Диван Гермис-3 Velvet Smoke,52990
Пуф Поул Bucle Forest,11990
Диван Роттердам Velvet Black,23990
Диван Лави Velvet Smoke,38990
Диван угловой Биани-2 Barhat Latte,99990
Диван Эрвин-2 Light,27990
Пуф Поул Bucle White,11990
Диван Бруквиль Velvet Beige,46990
Диван Дисент Velvet Emerald,79990
Диван Мона Velvet Coral,26990
Банкетка Кото Cozy Ivory,16990
Модульный диван Brera-1 Velour Cinnamon,210950
Диван Лави Velvet Eclipse,38990
Диван угловой Амрано Velvet Stone,40990
Кресло Тут Рядом Космос-2 Бежевый,79990
Кресло-кровать Кейсес Velvet Yellow,20990
Диван Эрвин-2 White,27990
Пуф Каве Velvet Beige,9990
Модульный диван Полан-3 Velvet Terra,73960
Диван Кейсес Velvet Latte,24990
Диван угловой Слипсон Velvet Honey,64990
Кресло Гермис Velvet Olive,27990
Модульный диван Полан-5 Velvet Terra,129950
Пуф Поул Bucle Eclipce,11990
Диван Эрвин-3 Black,34990
Модульный диван Brera-4 Velour Beige,167970
Диван угловой Биани-2 Barhat Beige,99990
Диван Тут Рядом Космос Синий,109990
Кресло Одрил Velvet Beige,28990
Диван Слипсон Мини Linia Lavender,54990
Кресло Гермис Velvet Eclipse,27990
Диван угловой Слипсон Velvet Plum,64990
Кушетка Берил Velvet Olive,35990
Кресло Волси Cozy Ivory,25990
Пуф Гекот Textile Light,10990
Диван Линс Velvet Pink,29990
Диван Эрвин-3 Brown,34990
Модульный диван Brera-7 Velour Black,184970
Диван Кела Мини Velvet Navy Blue,36990
Пуф Гарди Soft Night,9990
Диван Гермис-3 Velvet Eclipse,52990
Пуф Корк Velvet Eclipse,8990
Модульное кресло Полан Cozy Ivory,50970
Диван Эрвин-3 Grey,34990
Кресло Тут Рядом Космос-1 Зеленый,56990
Диван угловой Ситено Barhat Light,69990
Кресло Гермис Velvet Smoke,27990
Модульный диван Brera-7 Velour Mix,184970
Диван Сорен Textile Grey,59990
Кресло Арклоу Cozy Ivory,34990
Кресло Носта Happy Emerald,18990
Диван угловой Слипсон Velvet Silver,64990
Кресло Тут Рядом Дом Синий,50990
Диван Эрвин-3 Light,34990
Диван Гермис-3 Velvet Olive,52990
Пуф Мисл Barhat Gold,19990
Модульный диван Brera-1 Velour Lilac,210950
Диван Тут Рядом Космос Желтый,109990
Диван Инес Vertical Beige,36990
Кресло Оденс Linia Silver,18990
Диван угловой Биани-1 Barhat Night,79990
Диван Эрвин-3 White,34990
Кресло Гермис Velvet Terra,27990
Пуф Тут Рядом Красавчик Бежевый,27990
Диван Бруквиль Velvet Olive,46990
Диван Роттердам Velvet Pink,23990
Кресло Тут Рядом Космос-2 Синий,79990
Кресло Brera Velour Night,65990
Кресло-кровать Слипсон Мини Linia Silver,29990
Кресло Мисл Barhat Gold,34990
Диван Инес Vertical Silver,36990
Диван Ольен Velvet Beige,64990
Диван Гермис-3 Velvet Yellow,52990
Кресло Эрвин Red,20990
Диван Соланс Velvet Blue,28990
Диван угловой Майнап Velvet Light,46990
Кресло Тут Рядом Космос-2 Желтый,79990
Диван Шилдс Textile Night,79990
Пуф Орон Barhat Night,5490
Диван угловой Плэнтис Soft Light,119990
Диван Лейсон Velvet Beige,49990
Диван Гермис-3 Velvet Terra,52990
Кресло Гарди Soft Grey,20990
Диван Эрвин-2 Red,27990
Пуф Поул Bucle Yellow,11990
Диван Кареро Velvet Light,69990
Диван угловой Ситено Barhat Blue,69990
Диван Дисент Bucle White,89990
Диван Данста Textile Gold,76990
Диван угловой Майнап Velvet Yellow,46990
Кресло Аркет Velvet Smoke,25990
Диван Инес Vertical Grey,36990
Диван угловой Ройн Мини Velvet Blue,39990
Диван Нумо Velvet Light,35990
Диван Милкен Vertical Lavender,44990
Диван Биани Cozy Ivory,79990
Диван Тут Рядом Дом Синий,72990
Кресло Аркет Velvet Blue,25990
Диван Льери-1 Soft Olive,56990
Диван Инес Vertical Terra,36990
Кресло-кровать Кускен Velvet Yellow,39990
Диван угловой Льери Barhat Blue,94990
Диван Эрвин-3 Red,34990
Диван Данста Velvet Light,62990
Диван Гарди Soft Night,30990
Кресло Тут Рядом Дом Оранжевый,50990
Модульный диван Сэндж 3 Textile Yellow,78960
Диван Гермис-2 Velvet Stone,40990
Диван Кускен Velvet Red,44990
Диван Инес Vertical Mint,36990
Кресло Волси Happy Grafit,19990
Диван угловой Ситено Barhat Ginger,69990
Кресло Эрвин Light,20990
Модульный диван Сэндж 2 Textile Grey,58970
Модульный диван Риббл-1 Bucle Eclipce,76980
Модульный диван Полан-4 Cozy Ivory,111960
Диван Мира Velvet Yellow,30990
Диван Гермис-2 Velvet Yellow,40990
Кресло Пайл Bucle Smoky,23990
Кресло-кровать Кускен Velvet Sand,39990
Диван угловой Онте Bucle Eclipse,86990
Пуф Лидо Velvet Emerald,4290
Пуф Риббл-19 Bucle White,24990
Диван Сторм Land Terra,54990
Диван угловой Виена Velvet Light,66990
Кресло Коренс Bucle Green,26990
Диван Гермис-2 Velvet Olive,40990
Диван Виена Velvet Light,62990
Кресло Одрил Velvet Grey,28990
Пуф Гарди Soft Jungle,9990
Диван Лейсон Velvet Blue,49990
Кресло Гарди Soft Toffe,20990
Модульный диван Brera-4 Velour Lilac,167970
Модульный диван Сэндж 1 Textile Grey,64970
Диван Гермис-2 Velvet Eclipse,40990
Диван угловой Лилле Velvet Light,56990
Диван угловой Биани-2 Barhat Blue,99990
Кресло Динс Velvet Milk,19990
Пуф Риббл-19 Bucle Forest,24990
Модульный диван Полан-3 Cozy Ivory,81960
Модульный диван Brera-5 Velour Mix,120980
Диван Гермис-2 Velvet Terra,40990
Диван угловой Майнап Velvet Grafit,46990
Кресло Одрил Velvet Blue,28990
Диван Милкен Velvet Red,44990
Диван Ольен Velvet Silver,64990
Диван Гермис-3 Velvet Light,52990
Диван Шилдс Textile Azure,79990
Модульный диван Brera-6 Velour Cherry,181960
Диван Кейсес Velvet Grafit,24990
Диван угловой Майнап Velvet Navy Blue,46990
Кресло Пайл Barhat Olive,21990
Диван Слипсон Velvet Milk,59990
Пуф Тут Рядом Красавчик Зеленый,27990
Диван Гермис-2 Velvet Smoke,40990
Диван угловой Дисент-2 Velvet Smoke,109990
Диван Риббл-1 Bucle White,68990
Модульный диван Brera-7 Velour Beige,184970
Пуф Гекот Textile Silver,10990
Кресло-кровать Кускен Velvet Mint,39990
Диван Лейсон Velvet Coral,49990
Диван Викс Textile Sky,21990
Диван Гермис-3 Velvet Stone,52990
Кресло Иденси Bucle Blue,27990
Кресло Гарди Soft Terra,20990
Пуф Кофи Cozy Ivory,4490
Диван Хевит Velvet Olive,36990
Пуф Лидо Velvet Terra,4290
Пуф Гекот Textile Blue,10990
Кресло Аркет Velvet Coral,25990
Кресло Арклоу Soft Blue,34990
Диван угловой Плэнтис Bucle Latte,119990
Диван Дисент Velvet Smoke,79990
Пуф Ринт Bucle White,9990
Пуф Лидо Velvet Olive,4290
Кресло Аркет Velvet Grey,25990
Кресло Brera Velour Olive,65990
Диван Ольен Velvet Terra,64990
Кресло Бенел Cozy Emerald,31990
Диван Соланс Velvet Lime,28990
Диван Бруквиль Cozy Ivory,62990
Диван Аркет-3 Velvet Coral,40990
Кресло Гарди Soft Milk,20990
Диван Лачи Velvet Navy Blue,29990
Кресло поворотное Мэник Textile Smoke,32990
Модульный диван Brera-6 Velour Smoke,181960
Диван Виена Bucle Silver,84990
Диван Лофт Linia Stone,39990
Кресло Аркет Velvet Olive,25990
Диван Льери-1 Soft Latte,56990
Кресло-кровать Льери Мини Velvet Light,36990
Пуф Ситено Barhat Blue,6990
Диван угловой Биани-1 Cozy Ivory,94990
Диван Инес Vertical Light,36990
Кресло-кровать Льери Мини Velvet Terra,36990
Диван угловой Мисл-1 Barhat Gold,109990
Кресло Ансил Soft Ginger,27990
Диван угловой Биани-2 Cozy Ivory,119990
Банкетка Вайли Bucle Galaxy,11990
Модульный диван Brera-2 Velour Caramel,109980
Диван Тилар Textile Yellow,28990
Диван Виенсо Bucle Milk,79990
Диван Гарди Soft Milk,30990
Кресло Винси Soft Light,14990
Пуф Корк Velvet Light,8990
Диван угловой Виена Velvet Smoke,66990
Диван угловой Сайле Barhat Gold,149990
Диван угловой Дисент-2 Bucle White,139990
Модульный диван Brera-8 Velour Lilac,128970
Пуф Бане Cozy Emerald,8990
Диван Тилар Textile Grey,28990
Диван Лейсон Velvet Yellow,49990
Банкетка Солн Cozy Ginger,12990
Диван Льери-1 Soft Grey,56990
Диван Эби Мини Linia Beige,54990
Кресло Лонди Cozy Beige,40990
Диван Кейсес Velvet Grey,24990
Диван Слипсон Velvet Silver,59990
Кресло Бенел Cozy Ginger,31990
Пуф Лонди Cozy Ivory,13990
Диван угловой Маркфул Velvet Blue,79990
Модульный диван Brera-1 Velour Plum,210950
Диван Слипсон Мини Linia Yellow,54990
Диван Бонент Velvet Plum,72990
Пуф Ринт Bucle Beige,9990
Диван Мона Velvet Olive,26990
Модульный диван Brera-1 Velour Galaxy,210950
Кресло-кровать Слипсон Мини Linia Beige,29990
Диван Льери-1 Soft Light,56990
Модульный диван Brera-6 Velour Lilac,181960
Диван Байма Velvet Terra,69990
Пуф Поул Bucle Mint,11990
Диван угловой Дисент-1 Soft Yellow,89990
Диван Инес Vertical Blue,36990
Модульный диван Brera-2 Velour Olive,109980
Кресло Лонди Cozy Ginger,40990
Диван Нумо Мини Textile Navy Blue,22990
Кресло Маркфул Velvet Blue,23990
Кресло Коренс Happy Light,21990
Диван угловой Майнап Velvet Olive,46990
Диван угловой Виена Velvet Corall,66990
Пуф Гарди Soft Milk,9990
Кресло-кровать Кейсес Velvet Latte,20990
Диван Коренс-3 Happy Yellow,32990
Модульный диван Brera-3 Velour Forest,114970
Кресло Гета Soft Olive,29990
Кресло Арклоу Soft Ginger,34990
Модульный диван Brera-5 Velour Smoke,120980
Диван Лилле Velvet Stone,46990
Диван Маре Мини Velvet Silver,26990
Диван Бонент Velvet Moss,72990
Диван Эби Happy Mint,59990
Модульный диван Brera-5 Velour Caramel,120980
Пуф Винси Textile Ginger,12990
Кресло Тилар Textile Beige,20990
Кресло Носта Bucle Silver,24990
Диван Массе Velvet Mint,59990
Пуф Риббл-18 Bucle Eclipce,18990
Диван Коренс-3 Happy Light,32990
Диван Бонент Velvet Terra,72990
Кресло Инмар Velvet Light,26990
Диван Соланс Velvet Sand,28990
Модульный диван Brera-7 Velour Lilac,184970
Модульный диван Brera-7 Velour Stone,184970
Кресло Арклоу Soft Silver,34990
Диван Лонди Cozy Ginger,50990
Диван Льери Мини Bucle White,69990
Пуф Гарди Soft Terra,9990
Кресло Дженкс Textile Blue,19990
Диван Байма Velvet Milk,69990
Кресло Венето Velvet Mustard,23990
Модульный диван Brera-8 Velour Black,128970
Кресло Пайл Textile Ginger,23990
Пуф Ринт Bucle Pink,9990
Банкетка Солн Cozy Ivory,12990
Диван Гарди Soft Terra,30990
Банкетка Ситено Barhat Blue,10990
Диван Бонент Velvet Grey,72990
Модульный диван Brera-8 Velour Caramel,128970
Кресло поворотное Мэник Textile Grey,32990
Модульный диван Риббл-5 Bucle Mint,194960
Кушетка Оренте Soft Grafit,40990
Пуф Ринт Bucle Blue,9990
Диван угловой Лилле Velvet Grey,56990
Диван Бонент Velvet Light,72990
Модульный диван Brera-3 Velour Plum,114970
Диван Кейсес Velvet Pink,24990
Кресло Тут Рядом Дом Серо-графитовый,50990
Кресло-кровать Эби Мини Linia Stone,29990
Кресло Гермис Velvet Light,27990
Диван Данста Velvet Smoke,62990
Кресло поворотное Мэник Textile Brown,32990
Диван Brera Velour Olive,98990
Диван Льери-1 Soft Ocean,56990
Кресло-кровать Кейсес Velvet Grafit,20990
Диван Гермис-2 Velvet Light,40990
Диван угловой Онте Bucle White,86990
Модульный диван Brera-5 Velour Cinnamon,120980
Кресло поворотное Мэник Textile Ice,32990
Пуф Риббл-20 Bucle Mint,30990
Кресло Тилар Textile Yellow,20990
Кресло Инмар Velvet Teal,26990
Диван Аркет-2 Velvet Coral,34990
Модульный диван Риббл-1 Bucle Forest,76980
Кресло Венето Velvet Coral,23990
Диван угловой Онте Textile Grafit,96990
Пуф Риббл-19 Bucle Beige,24990
Диван Шилдс Bucle Latte,79990
Модульный диван Риббл-5 Bucle Eclipce,194960
Диван Аркет-2 Velvet Olive,34990
Пуф Риббл-19 Bucle Mint,24990
Пуф Риббл-19 Bucle Eclipce,24990
Кресло-кровать Льери Мини Velvet Emerald,36990
Кушетка Оренте Soft Silver,40990
Кресло Арклоу Soft Beige,34990
Диван Аркет-2 Velvet Blue,34990
Диван Риббл-10 Bucle Forest,83990
Диван Риббл-11 Bucle Forest,83990
Пуф Корк Velvet Terra,8990
Диван Ситено Barhat Blue,59990
Диван Риббл-7 Bucle Eclipce,51990
Кресло Оксфорд Velvet Pink,16990
Диван угловой Плэнтис Velvet Smoke,99990
Диван Аркет-2 Velvet Grey,34990
Пуф Тут Рядом Красавчик Серый,27990
Кресло-кровать Кейсес Velvet Navy Blue,20990
Модульный диван Риббл-1 Bucle Lilac,76980
Кресло Винси Soft Olive,14990
Диван Хевит Velvet Beige,36990
Диван Кейсес Velvet Yellow,24990
Диван Риббл-6 Bucle Forest,51990
Диван Аркет-2 Velvet Smoke,34990
Кресло Гета Soft Blue,29990
Кресло Арклоу Cozy Storm,34990
Диван Риббл-10 Bucle Beige,83990
Модульный диван Риббл-4 Bucle Eclipce,153970
Диван угловой Онте Bucle Silver,86990
Диван Риббл-2 Bucle Eclipce,68990
Диван Аркет-3 Velvet Grey,40990
Пуф Кофи-2 Vertikal Terra,4490
Пуф Риббл-18 Bucle Beige,18990
Диван Виена Velvet Olive,62990
Пуф Риббл-17 Bucle Forest,13990
Модульный диван Риббл-5 Bucle Lilac,194960
Диван Хевит Velvet Smoke,36990
Кресло Ниса Land Silver,34990
Диван угловой Дисент-2 Velvet Emerald,109990
Диван Кускен Velvet Sand,44990
Диван Шилдс Textile Ginger,79990
Кресло-кровать Эби Мини Linia Navy,29990
Диван угловой Виена Velvet Olive,66990
Диван Риббл-11 Bucle Lilac,83990
Диван Brera Velour Galaxy,98990
Кресло поворотное Мэник Textile Blue,32990
Кресло Ниса Land Forest,34990
Диван Риббл-6 Bucle Mint,51990
Пуф Ринт Bucle Forest,9990
Диван Линс Velvet Grey,29990
Модульный диван Риббл-1 Bucle Mint,76980
Диван Эби Мини Linia Navy,54990
Диван Риббл-7 Bucle Mint,51990
Диван Лофт Linia Navy Blue,39990
Пуф Риббл-17 Bucle Mint,13990
Кресло Ниса Land Marsala,34990
Модульное кресло Полан Velvet Smoke,45970
Кресло Гарди Soft Jungle,20990
Диван Кела Мини Velvet Grafit,36990
Пуф Риббл-19 Bucle Lilac,24990
Диван Массе Velvet Silver,59990
Диван Риббл-7 Bucle Beige,51990
Модульный диван Риббл-3 Bucle Beige,153970
Диван Лонди Bucle Smoky,50990
Модульный диван Риббл-4 Bucle Forest,153970
Банкетка Кото Cozy Ginger,16990
Диван Кускен Velvet Mint,44990
Кушетка Оренте Soft Olive,40990
Диван Кускен Velvet Yellow,44990
Модульный диван Риббл-3 Bucle Lilac,153970
Диван Маркфул Velvet Yellow,62990
Банкетка Ринт Bucle Blue,13990
Диван угловой Амрано Velvet Coral,40990
Диван Кела Мини Velvet Silver,36990
Кресло Носта Time Light,18990
Кресло Лонди Bucle Smoky,40990
Диван Риббл-10 Bucle Eclipce,83990
Кресло Элвит Cozy Ginger,26990
Диван Риббл-6 Bucle Lilac,51990
Кушетка Норфолк Velvet Silver,24990
Диван Милкен Velvet Mint,44990
Диван Риббл-6 Bucle Eclipce,51990
Диван угловой Амрано Velvet Blue,40990
Диван Стаус Velvet Terra,29990
Диван Ольен Velvet Olive,64990
Кресло Тут Рядом Дом Желтый,50990
Пуф Ринт Bucle Yellow,9990
Диван Риббл-10 Bucle Mint,83990
Диван угловой Дисент-1 Soft Grey,89990
Пуф Риббл-20 Bucle Lilac,30990
Кресло Коренс Happy Yellow,21990
Диван Стаус Velvet Blue,29990
Диван Винси Velvet Mint,22990
Кресло Ньюбери Velvet Green,15990
Модульный диван Риббл-3 Bucle Mint,153970
Кресло Коренс Happy Mint,21990
Пуф Риббл-18 Bucle Mint,18990
Диван Риббл-11 Bucle Eclipce,83990
Диван Риббл-1 Bucle Beige,68990
Кресло Аркет Velvet Light,25990
Модульный диван Риббл-1 Bucle Beige,76980
Пуф Риббл-20 Bucle Beige,30990
Пуф Милин Bucle Smoky,7990
Диван Риббл-2 Bucle Forest,68990
Диван Риббл-1 Bucle Forest,68990
Диван Льери Barhat Ginger,79990
Диван Риббл-11 Bucle Mint,83990
Пуф Лонди Bucle Smoky,13990
Диван Риббл-2 Bucle Mint,68990
Диван Аркет-2 Velvet Light,34990
Пуф Риббл-17 Bucle Lilac,13990
Модульный диван Риббл-4 Bucle Beige,153970
Банкетка Ситено Barhat Light,10990
Диван Риббл-1 Bucle Mint,68990
Диван Аркет-3 Velvet Olive,40990
Пуф Кофи-2 Vertikal Light,4490
Пуф Риббл-18 Bucle Forest,18990
Модульный диван Риббл-2 Bucle Forest,128980
Кушетка Оренте Soft Ginger,40990
Диван Маре Мини Velvet Yellow,26990
Модульный диван Риббл-4 Bucle Lilac,153970
Диван Коренс Happy Mint,29990
Диван Тут Рядом Дом Желтый,72990
Диван Аркет-3 Velvet Light,40990
Пуф Риббл-17 Bucle Beige,13990
Диван Риббл-2 Bucle Beige,68990
Модульный диван Риббл-2 Bucle Beige,128980
Диван угловой Стаус Velvet Stone,34990
Диван угловой Динс Velvet Yellow,52990
Диван Коренс-3 Happy Mint,32990
Диван Кинси-3 Land Black,56990
Модульный диван Риббл-2 Bucle Lilac,128980
Диван Дисент Time Ocean,79990
Банкетка Солн Cozy Beige,12990
Диван угловой Стаус Velvet Grey,34990
Банкетка Ринт Bucle Pink,13990
Кушетка Оренте Soft Beige,40990
Диван Кинси-2 Land Marsala,48990
Пуф Кофи Velvet Light,3490
Пуф Риббл-17 Bucle Eclipce,13990
Диван Риббл-10 Bucle Lilac,83990
Диван угловой Стаус Velvet Terra,34990
Банкетка Аймо Textile Yellow,7990
Диван Кинси-2 Land Black,48990
Диван Коренс Happy Yellow,29990
Диван Саннес Velvet Light,46990
Кресло Винси Textile Gold,17990
Кресло Роттердам Velvet Yellow,15990
Кресло Ансил Bucle Milk,29990
Пуф Риббл-18 Bucle Lilac,18990
Кресло Венето Velvet Terra,23990
Диван угловой Стаус Velvet Olive,34990
Кресло Сторм Land Grey,34990
Кресло-кровать Льери Мини Velvet Yellow,36990
Кресло Винси Textile Ginger,17990
Банкетка Солн Cozy Dove,12990
Модульный диван Риббл-2 Bucle Eclipce,128980
Банкетка Ринт Bucle Forest,13990
Диван Линс Velvet Emerald,29990
Диван угловой Дисент-2 Velvet Ocean,109990
Кресло Сторм Land Silver,34990
Диван Стаус Velvet Stone,29990
Кресло-кровать Льери Мини Velvet Coral,36990
Банкетка Вайли Happy Grey,8990
Кресло Лонди Bucle Marble,40990
Диван угловой Плэнтис Soft Olive,119990
Диван Риббл-7 Bucle Forest,51990
Диван Гарди Soft Pink,30990
Диван угловой Сайле Barhat Stone,149990
Кресло Сторм Land Forest,34990
Кресло Иденси Bucle Galaxy,27990
Диван Стаус Velvet Grey,29990
Пуф Винси Textile Gold,12990
Диван Порту Textile Yellow,24990
Диван Саннес Velvet Grey,46990
Диван угловой Дисент-1 Soft Night,89990
Модульный диван Риббл-2 Bucle Mint,128980
Кресло Сторм Land Latte,34990
Кресло-кровать Льери Мини Velvet Atlantic,36990
Модульный диван Сэндж 2 Textile Sky,58970
Диван угловой Стаус Velvet Blue,34990
Пуф Риббл-20 Bucle Eclipce,30990
Кушетка Интори Soft Night,24990
Банкетка Солн Cozy Emerald,12990
Диван Лачи Velvet Silver,29990
Пуф Ньюбери Velvet Latte,5490
Кресло Ниса Land Navy Blue,34990
Модульный диван Риббл-5 Bucle Beige,194960
Диван угловой Дисент-1 Soft Terra,89990
Диван Маре Мини Velvet Mint,26990
Диван Саннес Velvet Silver,46990
Пуф Эби Мини Linia Navy,5490
Банкетка Ринт Bucle Yellow,13990
Кушетка Интори Soft Jungle,24990
Диван Кела Мини Velvet Beige,36990
Диван Кинси-3 Land Grafit,56990
Диван угловой Дисент-1 Soft Toffe,89990
Модульный диван Риббл-3 Bucle Eclipce,153970
Диван Стаус Velvet Olive,29990
Диван Слипсон Мини Linia Silver,54990
Модульный диван Этен 3 Vertical Terra,140940
Кресло Инмар Velvet Olive,26990
Диван Кинси-2 Land Grafit,48990
Диван Кела Мини Velvet Olive,36990
Кушетка Интори Soft Silver,24990
Диван Данста Textile Silver,76990
Кресло Инмар Velvet Terra,26990
Кресло-кровать Льери Мини Velvet Grey,36990
Кушетка Венето Velvet Poudre,34990
Диван угловой Порту Textile Silver,32990
Кресло Оденс Linia Olive,18990
Кресло Кинси Land Black,39990
Модульный диван Риббл-4 Bucle Mint,153970
Кушетка Венето Velvet Coral,34990
Диван угловой Мисл-1 Barhat Stone,109990
Банкетка Солн Cozy Latte,12990
Диван Риббл-7 Bucle Lilac,51990
Диван Гарди Soft Jungle,30990
Банкетка Солн Cozy Storm,12990
Кресло Инмар Velvet Smoke,26990
Модульный диван Этен 4 Vertical Grafit,203920
Диван Кинси-3 Land Marsala,56990
Кушетка Интори Soft Pink,24990
Пуф Тут Рядом Дом Желтый,15990
Диван Риббл-11 Bucle Beige,83990
Диван Винси Textile Ginger,23990
Диван угловой Дисент-1 Soft Milk,89990
Кресло Инмар Velvet Stone,26990
Диван Риббл-6 Bucle Beige,51990
Кушетка Интори Soft Yellow,24990
Диван угловой Беллер Textile Ocean,40990
Диван Сите-2 Barhat Beige,26990
Кушетка Интори Soft Toffe,24990
Диван Коренс-3 Happy Grey,32990
Диван Коренс-3 Happy Grafit,32990
Диван Льери Мини Velvet Coral,59990
Банкетка Вайли Happy Grafit,8990
Диван Риббл-1 Bucle Eclipce,68990
Кресло Бенел Cozy Latte,31990
Диван Самми Velvet Beige,27990
Диван Льери Barhat Emerald,79990
Кресло Маркфул Velvet Coral,23990
Диван Кареро Bucle Mint,79990
Модульный диван Сэндж 2 Textile Ocean,58970
Пуф Риббл-20 Bucle Forest,30990
Диван угловой Порту Textile Yellow,32990
Диван угловой Нумо Velvet Pink,44990
Диван Коренс Happy Grafit,29990
Пуф Тут Рядом Красавчик Желтый,27990
Кресло Brera Velour Lilac,65990
Диван Маркфул Velvet Ocean,62990
Кресло Ларни Velvet Beige,19990
Диван Риббл-1 Bucle Lilac,68990
Пуф Куб Velvet Beige,3490
Диван Маркфул Velvet Blue,62990
Модульный диван Brera-1 Velour Black,210950
Диван Мира Velvet Pink,30990
Диван Тут Рядом Дом Оранжевый,72990
Диван Милкен Vertical Jeans,44990
Банкетка Эдин Velvet Beige,9990
Кресло Тут Рядом Дом Зеленый,50990
Диван Эби Мини Linia Yellow,54990
Модульный диван Brera-2 Velour Smoke,109980
Пуф Мисл Barhat Stone,19990
Диван угловой Маркфул Velvet Yellow,79990
Диван Рейли Velvet Grey,30990
Кресло Мисл Barhat Stone,34990
Диван Ольен Happy Grafit,64990
Модульный диван Brera-4 Velour Cinnamon,167970
Диван Мисл Barhat Stone,74990
Модульный диван Риббл-5 Bucle Forest,194960
Диван Данста Textile Night,76990
Кушетка Берил Velvet Beige,35990
Диван Льери-1 Soft Navy Blue,56990
Кресло Иденси Bucle Latte,27990
Диван Биани Bucle Beige,79990
Диван угловой Виена Bucle Silver,86990
Диван угловой Онте Textile Grey,96990
Модульный диван Brera-6 Velour Olive,181960
Диван Арил Velvet Emerald,44990
Диван Данста Textile Honey,76990
Диван угловой Порту Textile Grafit,32990
Банкетка Вайли Happy Emerald,8990
Модульный диван Brera-8 Velour Mix,128970
Кушетка Венето Velvet Terra,34990
Кресло Маркфул Velvet Light,23990
Пуф Гарди Soft Pink,9990
Банкетка Ситено Barhat Stone,10990
Пуф Гекот Textile Brown,10990
Диван Кареро Time Grey,69990
Диван Мисл Barhat Gold,74990
Диван Арил Velvet Latte,44990
Диван Ларонсо Textile Grafit,89990
Кресло Оденс Bucle Galaxy,24990
Диван угловой Порту Textile Brown,32990
Диван угловой Онте Textile Night,96990
Диван угловой Порту Textile Ocean,32990
Диван Brera Velour Caramel,98990
Кресло Пайл Textile Grafit,23990
Кресло Ньюбери 310,15990
Диван Кареро Bucle Beige,79990
Банкетка Эдин Velvet Mustard,9990
Кушетка Берил Velvet Mustard,35990
Диван угловой Плэнтис Velvet Beige,99990
Кресло-кровать Кейсес Velvet Grey,20990
Диван Порту Textile Silver,24990
Диван Лилле Velvet Light,46990
Кресло Венето Velvet Poudre,23990
Диван Маркфул Velvet Coral,62990
Диван Ситено Barhat Gold,59990
Модульный диван Этен Vertical Terra,81960
Кресло Коренс Happy Grafit,21990
Диван Порту Textile Ocean,24990
Кушетка Роби Textile Yellow,16990
Модульный диван Сэндж 2 Textile Light,58970
Пуф Тут Рядом Дом Оранжевый,15990
Диван Льери Barhat Beige,79990
Диван Порту Textile Grafit,24990
Пуф Тут Рядом Дом Розовый,15990
Диван Сваут Velvet Ocean,64990
Кушетка Дилси Textile Blue,27990
Диван Мира Velvet Olive,30990
Диван Саннес Velvet Mint,46990
Кресло Бенел Cozy Dove,31990
Пуф Куб Velvet Emerald,3490
Пуф Бане Cozy Storm,8990
Диван Самми Velvet Plum,27990
Пуф Винси Soft Olive,10990
Диван угловой Беллер Textile Navy Blue,40990
Диван Виенсо Cozy Beige,69990
Диван Гарди Soft Grey,30990
Кресло Носта Velvet Coral,18990
Диван Слипсон Мини Linia Beige,54990
Кресло Маркфул Velvet Ocean,23990
Диван Маркфул Velvet Emerald,62990
Диван Саннес Velvet Terra,46990
Кушетка Норфолк Velvet Grafit,24990
Диван Тут Рядом Дом Зеленый,72990
Диван угловой Льери Barhat Silver,94990
Кресло-кровать Кейсес Velvet Pink,20990
Диван Викс Textile Yellow,21990
Банкетка Кото Cozy Emerald,16990
Диван Ситено Barhat Light,59990
Диван Нумо Velvet Latte,35990
Модульный диван Brera-4 Velour Olive,167970
Кушетка Норфолк Velvet Navy Blue,24990
Кресло Маркфул Velvet Yellow,23990
Диван Мисл Barhat Emerald,74990
Модульный диван Brera-7 Velour Forest,184970
Пуф Арис Textile Blue,8990
Модульный диван Сэндж 1 Textile Light,64970
Кресло Иденси Bucle Green,27990
Диван угловой Онте Bucle Mint,86990
Кушетка Берил Velvet Grey,35990
Диван Стаус Velvet Smoke,29990
Кушетка Дилси Textile Coral,27990
Пуф Милин Bucle Milk,8990
Диван Мира Velvet Navy Blue,30990
Диван Виенсо Bucle Grey,79990
Диван Льери Мини Velvet Yellow,59990
Кресло Оксфорд Velvet Navy Blue,16990
Модульный диван Brera-4 Velour Cherry,167970
Диван Льери Barhat Gold,79990
Пуф Бане Cozy Dove,8990
Кресло-кровать Види Textile Grey,19990
Пуф Гарди Soft Grey,9990
Пуф Арис-2 Textile Yellow,9990
Диван Мона Barhat Amber,26990
Кушетка Дилси Textile Silver,27990
Диван Brera Velour Mix,98990
Диван Самми Velvet Olive,27990
Банкетка Кото Cozy Dove,16990
Диван Кускен Vertiсal Lavender,44990
Диван угловой Ситено Barhat Mint,69990
Пуф Арис Textile Coral,8990
Диван Ларонсо Soft Blue,84990
Диван угловой Сайле Velvet Emerald,149990
Кушетка Дилси Textile Grafit,27990
Пуф Лонди Cozy Ginger,13990
Диван Ситено Barhat Mint,59990
Пуф Арис Textile Grey,8990
Модульный диван Сэндж 3 Textile Light,78960
Диван Ларонсо Soft Latte,84990
Кресло Гарди Soft Pink,20990
Банкетка Кото Cozy Beige,16990
Диван Арил Velvet Pink,44990
Пуф Кофи Velvet Navy Blue,3490
Кресло Гарди Soft Night,20990
Диван Викс Textile Grafit,21990
Кресло Волси Happy Yellow,19990
Диван угловой Ситено Barhat Emerald,69990
Пуф Арис Textile Light,8990
Кресло Дженкс Textile Silver,19990
Кресло Ларни Velvet Mustard,19990
Диван Лонди Cozy Beige,50990
Модульный диван Этен 2 Vertical Silver,149940
Модульный диван Сэндж 3 Textile Ocean,78960
Кресло Винси Soft Grey,14990
Пуф Гекот Textile Ice,10990
Кушетка Дилси Textile Yellow,27990
Диван Мира Velvet Latte,30990
Диван Види Textile Navy Blue,22990
Диван Виенсо Bucle Ginger,79990
Кресло-кровать Види Textile Ocean,19990
Диван Самми Velvet Midnight,27990
Диван Роттердам Velvet Light,23990
Кушетка Роби Textile Ocean,16990
Пуф Арис Textile Ocean,8990
Диван Тилар Textile Navy Blue,28990
Модульный диван Сэндж 3 Textile Sky,78960
Модульный диван Этен 4 Vertical Silver,203920
Кушетка Венето Velvet Mustard,34990
Кресло Дженкс Textile Yellow,19990
Кресло-кровать Бонс-Т Cozy Ivory,28990
Кресло Носта Happy Grafit,18990
Банкетка Кото Cozy Storm,16990
Пуф Арис Textile Yellow,8990
Кушетка Роби Textile Blue,16990
Диван Лонди Cozy Ivory,50990
Кушетка Венето Velvet Blue,34990
Модульный диван Сэндж 1 Textile Ocean,64970
Диван угловой Мисл-1 Barhat Emerald,109990
Диван Кареро Bucle Silver,79990
Кресло Иденси Bucle Silver,27990
Пуф Ситено Barhat Emerald,6990
Диван угловой Ситено Barhat Gold,69990
Диван Мира Velvet Light,30990
Модульный диван Этен 1 Vertical Silver,115950
Пуф Орон Barhat Stone,5490
Кресло Бенел Cozy Storm,31990
Пуф Кофи-2 Vertikal Grafit,4490
Пуф Арис-2 Textile Blue,9990
Диван Види Textile Light,22990
Модульный диван Этен 3 Vertical Silver,140940
Диван угловой Беллер Textile Silver,40990
Модульный диван Сэндж 1 Textile Sky,64970
Диван Гарди Soft Toffe,30990
Диван Льери Мини Velvet Grey,59990
Диван Мира Velvet Grey,30990
Кресло Оксфорд Velvet Green,16990
Кресло Дженкс Textile Grafit,19990
Банкетка Ситено Barhat Emerald,10990
Диван Роттердам Velvet Grey,23990
Кресло-кровать Види Textile Coral,19990
Диван Порту Textile Brown,24990
Пуф Куб Cozy Ivory,4990
Диван Ларонсо Soft Pearl,84990
Диван Сваут Velvet Emerald,64990
Пуф Арис-2 Textile Coral,9990
Диван Самми Velvet Emerald,27990
Диван угловой Майнап Velvet Grey,46990
Кресло Маркфул Velvet Emerald,23990
Диван угловой Маркфул Velvet Emerald,79990
Кресло Ларни Velvet Coral,19990
Модульный диван Сэндж 1 Textile Yellow,64970
Кушетка Дилси Textile Light,27990
Диван угловой Льери Barhat Beige,94990
Диван угловой Нумо Velvet Grafit,44990
Кресло Маркфул Velvet Grey,23990
Кресло Элвит Cozy Beige,26990
Банкетка Ринт Bucle Beige,13990
Кресло Иденси Bucle Beige,27990
Диван угловой Беллер Textile Grafit,40990
Пуф Ситено Barhat Gold,6990
Пуф Орон Barhat Mint,5490
Пуф Винси Soft Grey,10990
Диван угловой Ситено Barhat Stone,69990
Пуф Арис-2 Textile Grey,9990
Банкетка Аймо Textile Ocean,7990
Пуф Бане Cozy Latte,8990
Кресло Носта Yellow,18990
Диван Викс Textile Silver,21990
Диван Лачи Velvet Emerald,29990
Кресло Тилар Textile Navy Blue,20990
Пуф Ньюбери 342,5490
Банкетка Ситено Barhat Gold,10990
Пуф Кофи-2 Vertikal Beige,4490
Диван Види Textile Grey,22990
Пуф Арис-2 Textile Light,9990
Диван Кускен Vertiсal Jeans,44990
Пуф Эби Мини Cozy Ivory,6990
Диван Ситено Barhat Emerald,59990
Пуф Куб Velvet Yellow,3490
Пуф Мисл Barhat Emerald,19990
Кушетка Роби Textile Grey,16990
Диван Винси Soft Navy Blue,20990
Диван угловой Маркфул Velvet Grey,79990
Пуф Ситено Barhat Stone,6990
Пуф Арис-2 Textile Ocean,9990
Кресло-кровать Види Textile Yellow,19990
Диван Самми Velvet Coral,27990
Кресло Оксфорд Velvet Emerald,16990
Диван Лачи Velvet Beige,29990
Банкетка Аймо Textile Navy Blue,7990
Диван угловой Льери Barhat Gold,94990
Пуф Кофи Velvet Yellow,3490
Кресло Тилар Textile Grey,20990
Кресло Мисл Barhat Emerald,34990
Кресло Ларни Velvet Ocean,19990
Диван Арил Velvet Grafit,44990
Пуф Гарди Soft Toffe,9990
Диван Динс Мини Velvet Emerald,46990
Диван Викс Textile Light,21990
Диван угловой Нумо Velvet Latte,44990
Банкетка Ситено Barhat Mint,10990
Модульное кресло Полан Velvet Light,45970
Кресло Ньюбери Velvet Navy Blue,15990
Кресло Ньюбери Velvet Grafit,15990
Кресло-кровать Види Textile Light,19990
Кресло Волси Happy Emerald,19990
Кресло Оксфорд Velvet Yellow,16990
Пуф Дадли Velvet Yellow,3290
Диван Види Textile Corall,22990
Кресло Ларни Velvet Grey,19990
Диван Арил Velvet Grey,44990
Модульный диван Полан-1 Velvet Light,73970
Диван Арил Velvet Yellow,44990
Кушетка Венето Velvet Green,34990
Кресло Венето Velvet Blue,23990
Кресло Оксфорд Velvet Grafit,16990
Кресло Венето Velvet Green,23990
Пуф Мисл Barhat Marsala,19990
Кресло Дженкс Textile Light,19990
Пуф Бане Cozy Beige,7990
Диван Арил Velvet Navy Blue,44990
Кушетка Берил Velvet Ocean,35990
Модульный диван Полан-2 Velvet Light,93960
Пуф Дадли Velvet Beige,3290
Кресло Волси Happy Mint,19990
Пуф Куб Velvet Crimson,3490
Диван Линс Velvet Yellow,29990
Модульный диван Полан-3 Velvet Light,73960
Пуф Дадли Velvet Grey,3290
Кушетка Роби Textile Light,16990
Кресло Тилар Textile Grafit,20990
Диван Сите-3 Barhat Beige,34990
Кресло Мисл Barhat White,34990
Кресло Винси Soft Navy Blue,14990
Диван Маркфул Velvet Grey,62990
Пуф Ньюбери Velvet Navy Blue,5490
Пуф Куб Velvet Coral,3490
Диван угловой Маркфул Velvet Coral,79990
Пуф Плиди Velvet Coral,4990
Диван Маркфул Velvet Light,62990
Пуф Винси Soft Navy Blue,10990
Диван Ларонсо Soft Silver,84990
Пуф Кофи Velvet Grafit,3490
Диван Эби Мини Linia Mint,54990
Диван Нумо Velvet Pink,35990
Пуф Кофи Velvet Pink,3490
Диван Нумо Мини Textile Sky,22990
Кресло Ньюбери Velvet Pink,15990
Диван Виена Velvet Corall,62990
Диван Бонент Velvet Eclipse,72990
Диван угловой Нумо Velvet Light,44990
Диван Лофт Linia Silver,39990
Диван Эби Мини Linia Stone,54990
Диван угловой Сайле Barhat Navy Blue,149990
Диван Эби Мини Linia Silver,54990
Кушетка Норфолк Velvet Pink,24990
Диван Лонди Bucle Marble,50990
Диван угловой Амрано Velvet Grey,40990
Пуф Винси Velvet Mint,11990
Модульное кресло Полан Velvet Terra,45970
Пуф Лонди Bucle Marble,13990
Кресло Винси Velvet Mint,16990
Модульный диван Полан-3 Velvet Smoke,73960
Диван Лави Velvet Terra,38990
Пуф Корк Velvet Beige,8990
Модульный диван Полан-4 Velvet Smoke,101960
Кушетка Манс Velvet Blue,30990
Диван угловой Эдвин Velvet Light,72990
Банкетка Аймо Textile Grey,7990
Кресло Ансил Time Light,21990
Банкетка Эдин Velvet Emerald,9990
Диван угловой Стаус Velvet Smoke,34990
Диван угловой Динс Velvet Honey,54990
Диван Тилар Textile Beige,28990
Пуф Плиди Cozy Milk,4990
Диван Слипсон Velvet Honey,59990
Диван Мисл Barhat Beige,74990
Диван угловой Мисл-1 Barhat Beige,109990
Пуф Орон Barhat Beige,5490
Диван Мисл Barhat Marsala,74990
Пуф Ситено Barhat Ginger,6990
Кресло Мисл Barhat Beige,34990
Кресло Дженкс Textile Coral,19990
Пуф Мисл Barhat Beige,19990
Кресло Мисл Barhat Marsala,34990
Кресло Оксфорд Velvet Latte,16990
Диван Ситено Barhat Ginger,59990
Модульный диван Этен 3 Vertical Mix,140940
Модульный диван Этен Vertical Beige,81960
Кресло Пайл Cozy Milk,21990
Диван Ольен Velvet Navy Blue,64990
Кресло Боско Land Milk,29990
Кресло Пайл Barhat Forest,21990
Кресло Пайл Barhat Beige,21990
Диван Байма Velvet Navy Blue,69990
Пуф Милин Barhat Light,6990
Модульный диван Этен 2 Vertical Mint,149940
Диван Соланс Velvet Navy Blue,28990
Диван угловой Сайле Barhat Light,149990
Модульный диван Этен 2 Vertical Mix,149940
Модульный диван Этен Vertical Mint,81960
Диван Мисл Barhat White,74990
Диван Слипсон Happy Grafit,59990
Пуф Мисл Barhat White,19990
Диван угловой Мисл-1 Barhat White,109990
Пуф Динс Velvet Honey,6990
Диван Ольен Мини Cozy Ivory,62990
Диван угловой Динс Velvet Terra,54990
Диван Стаус Velvet Caramel,29990
Кресло Витио Soft Olive,24990
Кушетка Мона Velvet Grey,29990
Диван угловой Слипсон Velvet Emerald,64990
Диван угловой Эби-1 Velvet Smoke,69990
Кресло Рибс Cozy Ivory,32990
Диван Тилар Cozy Milk,28990
Кушетка Норфолк Velvet Light,24990
Кресло-кровать Эби Мини Linia Mint,29990
Пуф Эби Мини Linia Mint,5490
Диван Саннес Velvet Olive,46990
Диван Кейсес Velvet Olive,24990
Кушетка Норфолк Velvet Yellow,24990
Диван угловой Биани-2 Barhat Smoke,99990
Кресло Оденс Linia Lavender,18990
Диван Массе Velvet Olive,59990
Кресло-кровать Кейсес Velvet Olive,20990
Кресло-кровать Слипсон Мини Linia Lavender,29990
Диван Слипсон Мини Linia Olive,54990
Пуф Кофи Velvet Green,3490
Пуф Винси Soft Light,10990
Кресло-кровать Слипсон Мини Linia Olive,29990
Диван Винси Soft Light,20990
Пуф Клаум Linia Olive,4990
Кушетка Олтен Textile Light,34990
Кресло-кровать Эби Мини Linia Pink,29990
Диван угловой Вайвел Barhat Smoke,89990
Диван Марей Soft Light,89990
Диван Ларонсо Soft Terra,84990
Диван Роттердам-3 Cozy Milk,32990
Диван Викс Textile Coral,21990
Диван угловой Лилле Velvet Atlantic,56990
Кушетка Интори Soft Terra,24990
Диван Ситено Barhat Stone,59990
Модульный диван Риббл-5 Bucle Silver,194960
Кресло Дженкс Velvet Emerald,20990
Кушетка Мона Velvet Coral,29990
